entityName;lastModifiedTimestamp;download_dttm
ASSET_DETAILS;2023-03-23T20:10:27.000Z;2023-03-23 17:52:10.056562
ASSET_DETAILS_CUSTOM_PROP;2023-03-23T20:10:27.000Z;2023-03-23 17:52:12.393658
ASSET_FOLDER_DETAILS;2023-03-23T20:10:24.000Z;2023-03-23 17:52:14.586389
ASSET_RENDITION_DETAILS;2023-03-23T20:10:26.000Z;2023-03-23 17:52:17.117434
ASSET_REVISION;2023-03-23T20:10:26.000Z;2023-03-23 17:52:19.615903
CC_BUDGET_BREAKUP;2023-03-23T20:10:23.000Z;2023-03-23 17:52:21.722326
COMMITMENT_DETAILS;2023-03-23T20:10:27.000Z;2023-03-23 17:52:24.128583
COMMITMENT_LINE_ITEMS;2023-03-23T20:10:27.000Z;2023-03-23 17:52:26.267598
COMMITMENT_LINE_ITEMS_CCBDGT;2023-03-23T20:10:23.000Z;2023-03-23 17:52:28.483493
INVOICE_DETAILS;2023-03-23T20:10:27.000Z;2023-03-23 17:52:31.014607
INVOICE_LINE_ITEMS;2023-03-23T20:10:22.000Z;2023-03-23 17:52:33.323058
INVOICE_LINE_ITEMS_CCBDGT;2023-03-23T20:10:24.000Z;2023-03-23 17:52:35.849232
MD_BU;2023-03-23T20:10:27.000Z;2023-03-23 17:52:38.034802
MD_COSTCENTER;2023-03-23T20:10:26.000Z;2023-03-23 17:52:40.682572
MD_CUSTATTRIB_TABLE_VALUES;2023-03-23T20:10:27.000Z;2023-03-23 17:52:43.047152
MD_CUST_ATTRIB;2023-03-23T20:10:23.000Z;2023-03-23 17:52:45.233967
MD_GRID_ATTR_DEFN;2023-03-23T20:10:26.000Z;2023-03-23 17:52:47.415173
MD_OBJECT_TYPE;2023-03-23T20:10:27.000Z;2023-03-23 17:52:49.837761
MD_PICKLIST;2023-03-23T20:10:27.000Z;2023-03-23 17:52:52.030569
MD_VENDOR;2023-03-23T20:10:22.000Z;2023-03-23 17:52:54.317072
MD_WF_PROCESS_DEF;2023-03-23T20:10:26.000Z;2023-03-23 17:52:57.008933
MD_WF_PROCESS_DEF_TASKS;2023-03-23T20:10:26.000Z;2023-03-23 17:52:59.135689
MD_WF_PROCESS_DEF_TASK_ASSG;2023-03-23T20:10:26.000Z;2023-03-23 17:53:01.269143
PLANNING_HIERARCHY_DEFN;2023-03-23T20:10:27.000Z;2023-03-23 17:53:03.537296
PLANNING_INFO;2023-03-23T20:10:27.000Z;2023-03-23 17:53:05.632807
PLANNING_INFO_CUSTOM_PROP;2023-03-23T20:10:27.000Z;2023-03-23 17:53:07.971728
TAG_DETAILS;2023-03-23T20:10:25.000Z;2023-03-23 17:53:10.428863
WF_PROCESS_DETAILS;2023-03-23T20:10:26.000Z;2023-03-23 17:53:12.644242
WF_PROCESS_TASKS;2023-03-23T20:10:24.000Z;2023-03-23 17:53:14.788825
WF_TASKS_USER_ASSIGNMENT;2023-03-23T20:10:25.000Z;2023-03-23 17:53:17.001856
md_creative;2023-03-23T20:37:47.000Z;2023-03-23 17:53:19.325483
md_creative_x_asset;2023-03-23T20:38:10.000Z;2023-03-23 17:53:21.534751
md_message;2023-03-23T20:37:51.000Z;2023-03-23 17:53:23.634688
md_message_x_creative;2023-03-23T20:38:07.000Z;2023-03-23 17:53:26.071290
md_task;2023-03-23T20:42:29.000Z;2023-03-23 17:53:28.283903
ASSET_DETAILS;2023-03-24T16:06:09.000Z;2023-03-24 13:22:56.237074
ASSET_DETAILS_CUSTOM_PROP;2023-03-24T16:06:10.000Z;2023-03-24 13:22:58.565909
ASSET_FOLDER_DETAILS;2023-03-24T16:06:11.000Z;2023-03-24 13:23:00.774054
ASSET_RENDITION_DETAILS;2023-03-24T16:06:10.000Z;2023-03-24 13:23:03.356887
ASSET_REVISION;2023-03-24T16:06:04.000Z;2023-03-24 13:23:05.695374
CC_BUDGET_BREAKUP;2023-03-24T16:06:08.000Z;2023-03-24 13:23:08.005996
COMMITMENT_DETAILS;2023-03-24T16:06:03.000Z;2023-03-24 13:23:10.203273
COMMITMENT_LINE_ITEMS;2023-03-24T16:06:04.000Z;2023-03-24 13:23:12.328397
COMMITMENT_LINE_ITEMS_CCBDGT;2023-03-24T16:06:10.000Z;2023-03-24 13:23:14.460629
INVOICE_DETAILS;2023-03-24T16:06:13.000Z;2023-03-24 13:23:16.834692
INVOICE_LINE_ITEMS;2023-03-24T16:06:08.000Z;2023-03-24 13:23:19.054069
INVOICE_LINE_ITEMS_CCBDGT;2023-03-24T16:06:08.000Z;2023-03-24 13:23:22.038632
MD_BU;2023-03-24T16:06:09.000Z;2023-03-24 13:23:24.749393
MD_COSTCENTER;2023-03-24T16:06:16.000Z;2023-03-24 13:23:27.501835
MD_CUSTATTRIB_TABLE_VALUES;2023-03-24T16:06:09.000Z;2023-03-24 13:23:29.820218
MD_CUST_ATTRIB;2023-03-24T16:06:11.000Z;2023-03-24 13:23:31.935885
MD_GRID_ATTR_DEFN;2023-03-24T16:06:08.000Z;2023-03-24 13:23:34.005394
MD_OBJECT_TYPE;2023-03-24T16:06:10.000Z;2023-03-24 13:23:36.520791
MD_PICKLIST;2023-03-24T16:06:13.000Z;2023-03-24 13:23:39.204329
MD_VENDOR;2023-03-24T16:06:09.000Z;2023-03-24 13:23:41.306197
MD_WF_PROCESS_DEF;2023-03-24T16:06:04.000Z;2023-03-24 13:23:43.579727
MD_WF_PROCESS_DEF_TASKS;2023-03-24T16:06:08.000Z;2023-03-24 13:23:45.689196
MD_WF_PROCESS_DEF_TASK_ASSG;2023-03-24T16:06:08.000Z;2023-03-24 13:23:47.956984
PLANNING_HIERARCHY_DEFN;2023-03-24T16:06:13.000Z;2023-03-24 13:23:50.031888
PLANNING_INFO;2023-03-24T16:06:11.000Z;2023-03-24 13:23:52.137921
PLANNING_INFO_CUSTOM_PROP;2023-03-24T16:06:10.000Z;2023-03-24 13:23:54.482855
TAG_DETAILS;2023-03-24T16:06:04.000Z;2023-03-24 13:23:56.658167
WF_PROCESS_DETAILS;2023-03-24T16:06:10.000Z;2023-03-24 13:23:58.855629
WF_PROCESS_TASKS;2023-03-24T16:06:12.000Z;2023-03-24 13:24:01.172170
WF_TASKS_USER_ASSIGNMENT;2023-03-24T16:06:11.000Z;2023-03-24 13:24:03.307160
md_creative;2023-03-24T15:35:45.000Z;2023-03-24 13:24:05.630713
md_creative_x_asset;2023-03-24T15:36:06.000Z;2023-03-24 13:24:08.169820
md_message;2023-03-24T15:35:48.000Z;2023-03-24 13:24:10.524741
md_message_x_creative;2023-03-24T15:36:03.000Z;2023-03-24 13:24:12.772673
md_task;2023-03-24T15:39:04.000Z;2023-03-24 13:24:15.078298
ASSET_DETAILS;2023-03-24T18:13:42.000Z;2023-03-24 16:04:52.013037
ASSET_DETAILS_CUSTOM_PROP;2023-03-24T18:13:43.000Z;2023-03-24 16:04:54.374274
ASSET_FOLDER_DETAILS;2023-03-24T18:13:20.000Z;2023-03-24 16:04:56.695675
ASSET_RENDITION_DETAILS;2023-03-24T18:13:49.000Z;2023-03-24 16:04:59.326091
ASSET_REVISION;2023-03-24T18:13:44.000Z;2023-03-24 16:05:01.925358
CC_BUDGET_BREAKUP;2023-03-24T18:13:44.000Z;2023-03-24 16:05:04.185112
COMMITMENT_DETAILS;2023-03-24T18:13:22.000Z;2023-03-24 16:05:06.444454
COMMITMENT_LINE_ITEMS;2023-03-24T18:13:20.000Z;2023-03-24 16:05:09.865914
COMMITMENT_LINE_ITEMS_CCBDGT;2023-03-24T18:13:41.000Z;2023-03-24 16:05:12.177652
INVOICE_DETAILS;2023-03-24T18:13:42.000Z;2023-03-24 16:05:14.287614
INVOICE_LINE_ITEMS;2023-03-24T18:13:49.000Z;2023-03-24 16:05:16.528705
INVOICE_LINE_ITEMS_CCBDGT;2023-03-24T18:13:49.000Z;2023-03-24 16:05:19.025148
MD_BU;2023-03-24T18:13:49.000Z;2023-03-24 16:05:21.894501
MD_COSTCENTER;2023-03-24T18:13:47.000Z;2023-03-24 16:05:24.851533
MD_CUSTATTRIB_TABLE_VALUES;2023-03-24T18:13:20.000Z;2023-03-24 16:05:27.217280
MD_CUST_ATTRIB;2023-03-24T18:13:45.000Z;2023-03-24 16:05:29.426425
MD_GRID_ATTR_DEFN;2023-03-24T18:13:47.000Z;2023-03-24 16:05:31.519320
MD_OBJECT_TYPE;2023-03-24T18:13:19.000Z;2023-03-24 16:05:33.889528
MD_PICKLIST;2023-03-24T18:13:44.000Z;2023-03-24 16:05:36.106251
MD_VENDOR;2023-03-24T18:13:20.000Z;2023-03-24 16:05:38.273623
MD_WF_PROCESS_DEF;2023-03-24T18:13:42.000Z;2023-03-24 16:05:40.591671
MD_WF_PROCESS_DEF_TASKS;2023-03-24T18:13:41.000Z;2023-03-24 16:05:43.362086
MD_WF_PROCESS_DEF_TASK_ASSG;2023-03-24T18:13:37.000Z;2023-03-24 16:05:45.656572
PLANNING_HIERARCHY_DEFN;2023-03-24T18:13:47.000Z;2023-03-24 16:05:47.880835
PLANNING_INFO;2023-03-24T18:13:22.000Z;2023-03-24 16:05:50.203174
PLANNING_INFO_CUSTOM_PROP;2023-03-24T18:13:43.000Z;2023-03-24 16:05:52.685546
TAG_DETAILS;2023-03-24T18:13:37.000Z;2023-03-24 16:05:54.840611
WF_PROCESS_DETAILS;2023-03-24T18:13:41.000Z;2023-03-24 16:05:56.984022
WF_PROCESS_TASKS;2023-03-24T18:13:45.000Z;2023-03-24 16:05:59.570279
WF_TASKS_USER_ASSIGNMENT;2023-03-24T18:13:20.000Z;2023-03-24 16:06:01.845726
md_creative;2023-03-24T18:46:28.000Z;2023-03-24 16:06:04.410540
md_creative_x_asset;2023-03-24T18:46:47.000Z;2023-03-24 16:06:06.641301
md_message;2023-03-24T18:46:30.000Z;2023-03-24 16:06:08.746044
md_message_x_creative;2023-03-24T18:46:45.000Z;2023-03-24 16:06:11.049064
md_task;2023-03-24T18:50:01.000Z;2023-03-24 16:06:13.235757
ASSET_DETAILS;2023-03-24T20:14:55.000Z;2023-03-24 17:56:54.755713
ASSET_DETAILS_CUSTOM_PROP;2023-03-24T20:14:48.000Z;2023-03-24 17:56:58.025410
ASSET_FOLDER_DETAILS;2023-03-24T20:14:54.000Z;2023-03-24 17:57:00.190218
ASSET_RENDITION_DETAILS;2023-03-24T20:15:11.000Z;2023-03-24 17:57:02.888673
ASSET_REVISION;2023-03-24T20:15:02.000Z;2023-03-24 17:57:05.205677
CC_BUDGET_BREAKUP;2023-03-24T20:15:08.000Z;2023-03-24 17:57:07.662560
COMMITMENT_DETAILS;2023-03-24T20:15:08.000Z;2023-03-24 17:57:10.408558
COMMITMENT_LINE_ITEMS;2023-03-24T20:14:55.000Z;2023-03-24 17:57:12.632580
COMMITMENT_LINE_ITEMS_CCBDGT;2023-03-24T20:15:06.000Z;2023-03-24 17:57:14.876116
INVOICE_DETAILS;2023-03-24T20:15:06.000Z;2023-03-24 17:57:17.485520
INVOICE_LINE_ITEMS;2023-03-24T20:14:50.000Z;2023-03-24 17:57:19.577358
INVOICE_LINE_ITEMS_CCBDGT;2023-03-24T20:15:11.000Z;2023-03-24 17:57:21.826072
MD_BU;2023-03-24T20:15:12.000Z;2023-03-24 17:57:24.154124
MD_COSTCENTER;2023-03-24T20:15:06.000Z;2023-03-24 17:57:26.319850
MD_CUSTATTRIB_TABLE_VALUES;2023-03-24T20:14:54.000Z;2023-03-24 17:57:28.912010
MD_CUST_ATTRIB;2023-03-24T20:15:11.000Z;2023-03-24 17:57:31.280078
MD_GRID_ATTR_DEFN;2023-03-24T20:14:48.000Z;2023-03-24 17:57:33.374235
MD_OBJECT_TYPE;2023-03-24T20:14:55.000Z;2023-03-24 17:57:35.772349
MD_PICKLIST;2023-03-24T20:14:48.000Z;2023-03-24 17:57:38.404239
MD_VENDOR;2023-03-24T20:14:55.000Z;2023-03-24 17:57:40.527385
MD_WF_PROCESS_DEF;2023-03-24T20:15:11.000Z;2023-03-24 17:57:42.994471
MD_WF_PROCESS_DEF_TASKS;2023-03-24T20:15:08.000Z;2023-03-24 17:57:45.298428
MD_WF_PROCESS_DEF_TASK_ASSG;2023-03-24T20:14:46.000Z;2023-03-24 17:57:47.433756
PLANNING_HIERARCHY_DEFN;2023-03-24T20:15:08.000Z;2023-03-24 17:57:49.694576
PLANNING_INFO;2023-03-24T20:15:11.000Z;2023-03-24 17:57:51.834503
PLANNING_INFO_CUSTOM_PROP;2023-03-24T20:14:55.000Z;2023-03-24 17:57:54.346241
TAG_DETAILS;2023-03-24T20:15:11.000Z;2023-03-24 17:57:56.809362
WF_PROCESS_DETAILS;2023-03-24T20:15:02.000Z;2023-03-24 17:57:59.197380
WF_PROCESS_TASKS;2023-03-24T20:14:55.000Z;2023-03-24 17:58:01.617280
WF_TASKS_USER_ASSIGNMENT;2023-03-24T20:14:57.000Z;2023-03-24 17:58:03.781775
md_creative;2023-03-24T19:55:16.000Z;2023-03-24 17:58:06.090288
md_creative_x_asset;2023-03-24T19:55:33.000Z;2023-03-24 17:58:08.299657
md_message;2023-03-24T19:55:18.000Z;2023-03-24 17:58:10.669651
md_message_x_creative;2023-03-24T19:55:31.000Z;2023-03-24 17:58:12.921556
md_task;2023-03-24T19:57:52.000Z;2023-03-24 17:58:15.167975
ASSET_DETAILS;2023-03-25T16:19:19.000Z;2023-03-25 13:44:45.499762
ASSET_DETAILS_CUSTOM_PROP;2023-03-25T16:19:27.000Z;2023-03-25 13:44:48.015044
ASSET_FOLDER_DETAILS;2023-03-25T16:19:18.000Z;2023-03-25 13:44:50.373896
ASSET_RENDITION_DETAILS;2023-03-25T16:19:28.000Z;2023-03-25 13:44:53.647801
ASSET_REVISION;2023-03-25T16:19:16.000Z;2023-03-25 13:44:57.050855
CC_BUDGET_BREAKUP;2023-03-25T16:19:24.000Z;2023-03-25 13:44:59.545763
COMMITMENT_DETAILS;2023-03-25T16:19:19.000Z;2023-03-25 13:45:01.758274
COMMITMENT_LINE_ITEMS;2023-03-25T16:19:21.000Z;2023-03-25 13:45:04.049560
COMMITMENT_LINE_ITEMS_CCBDGT;2023-03-25T16:19:19.000Z;2023-03-25 13:45:07.247507
INVOICE_DETAILS;2023-03-25T16:19:18.000Z;2023-03-25 13:45:10.334022
INVOICE_LINE_ITEMS;2023-03-25T16:19:24.000Z;2023-03-25 13:45:12.619386
INVOICE_LINE_ITEMS_CCBDGT;2023-03-25T16:19:16.000Z;2023-03-25 13:45:15.051601
MD_BU;2023-03-25T16:19:28.000Z;2023-03-25 13:45:17.139314
MD_COSTCENTER;2023-03-25T16:19:28.000Z;2023-03-25 13:45:19.691847
MD_CUSTATTRIB_TABLE_VALUES;2023-03-25T16:19:16.000Z;2023-03-25 13:45:22.139458
MD_CUST_ATTRIB;2023-03-25T16:19:28.000Z;2023-03-25 13:45:24.332920
MD_GRID_ATTR_DEFN;2023-03-25T16:19:25.000Z;2023-03-25 13:45:26.500293
MD_OBJECT_TYPE;2023-03-25T16:19:21.000Z;2023-03-25 13:45:28.862184
MD_PICKLIST;2023-03-25T16:19:24.000Z;2023-03-25 13:45:31.422123
MD_VENDOR;2023-03-25T16:19:18.000Z;2023-03-25 13:45:34.114268
MD_WF_PROCESS_DEF;2023-03-25T16:19:27.000Z;2023-03-25 13:45:36.668493
MD_WF_PROCESS_DEF_TASKS;2023-03-25T16:19:21.000Z;2023-03-25 13:45:38.910159
MD_WF_PROCESS_DEF_TASK_ASSG;2023-03-25T16:19:18.000Z;2023-03-25 13:45:41.154064
PLANNING_HIERARCHY_DEFN;2023-03-25T16:19:27.000Z;2023-03-25 13:45:43.399374
PLANNING_INFO;2023-03-25T16:19:28.000Z;2023-03-25 13:45:45.727629
PLANNING_INFO_CUSTOM_PROP;2023-03-25T16:19:25.000Z;2023-03-25 13:45:48.188378
TAG_DETAILS;2023-03-25T16:19:25.000Z;2023-03-25 13:45:50.297708
WF_PROCESS_DETAILS;2023-03-25T16:19:25.000Z;2023-03-25 13:45:52.616408
WF_PROCESS_TASKS;2023-03-25T16:19:18.000Z;2023-03-25 13:45:54.923820
WF_TASKS_USER_ASSIGNMENT;2023-03-25T16:19:28.000Z;2023-03-25 13:45:57.097018
md_creative;2023-03-25T15:55:11.000Z;2023-03-25 13:45:59.471495
md_creative_x_asset;2023-03-25T15:55:29.000Z;2023-03-25 13:46:01.754790
md_message;2023-03-25T15:55:14.000Z;2023-03-25 13:46:04.336755
md_message_x_creative;2023-03-25T15:55:27.000Z;2023-03-25 13:46:06.705915
md_task;2023-03-25T15:58:42.000Z;2023-03-25 13:46:08.841787
ASSET_DETAILS;2023-03-25T16:47:42.000Z;2023-03-25 13:56:10.417870
ASSET_DETAILS_CUSTOM_PROP;2023-03-25T16:47:45.000Z;2023-03-25 13:56:12.930736
ASSET_FOLDER_DETAILS;2023-03-25T16:47:45.000Z;2023-03-25 13:56:15.220739
ASSET_RENDITION_DETAILS;2023-03-25T16:47:44.000Z;2023-03-25 13:56:18.100118
ASSET_REVISION;2023-03-25T16:47:45.000Z;2023-03-25 13:56:20.669423
CC_BUDGET_BREAKUP;2023-03-25T16:47:34.000Z;2023-03-25 13:56:22.758128
COMMITMENT_DETAILS;2023-03-25T16:47:42.000Z;2023-03-25 13:56:25.102171
COMMITMENT_LINE_ITEMS;2023-03-25T16:47:42.000Z;2023-03-25 13:56:27.272541
COMMITMENT_LINE_ITEMS_CCBDGT;2023-03-25T16:47:40.000Z;2023-03-25 13:56:29.647655
INVOICE_DETAILS;2023-03-25T16:47:34.000Z;2023-03-25 13:56:31.689144
INVOICE_LINE_ITEMS;2023-03-25T16:47:34.000Z;2023-03-25 13:56:34.206998
INVOICE_LINE_ITEMS_CCBDGT;2023-03-25T16:47:36.000Z;2023-03-25 13:56:36.867230
MD_BU;2023-03-25T16:47:36.000Z;2023-03-25 13:56:38.946270
MD_COSTCENTER;2023-03-25T16:47:44.000Z;2023-03-25 13:56:41.355118
MD_CUSTATTRIB_TABLE_VALUES;2023-03-25T16:47:34.000Z;2023-03-25 13:56:43.695775
MD_CUST_ATTRIB;2023-03-25T16:47:37.000Z;2023-03-25 13:56:46.427747
MD_GRID_ATTR_DEFN;2023-03-25T16:47:34.000Z;2023-03-25 13:56:48.784761
MD_OBJECT_TYPE;2023-03-25T16:47:42.000Z;2023-03-25 13:56:51.082423
MD_PICKLIST;2023-03-25T16:47:41.000Z;2023-03-25 13:56:53.403955
MD_VENDOR;2023-03-25T16:47:40.000Z;2023-03-25 13:56:55.720768
MD_WF_PROCESS_DEF;2023-03-25T16:47:43.000Z;2023-03-25 13:56:58.075323
MD_WF_PROCESS_DEF_TASKS;2023-03-25T16:47:44.000Z;2023-03-25 13:57:00.375452
MD_WF_PROCESS_DEF_TASK_ASSG;2023-03-25T16:47:37.000Z;2023-03-25 13:57:02.633880
PLANNING_HIERARCHY_DEFN;2023-03-25T16:47:34.000Z;2023-03-25 13:57:05.150826
PLANNING_INFO;2023-03-25T16:47:37.000Z;2023-03-25 13:57:07.881972
PLANNING_INFO_CUSTOM_PROP;2023-03-25T16:47:34.000Z;2023-03-25 13:57:10.318206
TAG_DETAILS;2023-03-25T16:47:32.000Z;2023-03-25 13:57:12.524692
WF_PROCESS_DETAILS;2023-03-25T16:47:41.000Z;2023-03-25 13:57:16.684362
WF_PROCESS_TASKS;2023-03-25T16:47:41.000Z;2023-03-25 13:57:18.795947
WF_TASKS_USER_ASSIGNMENT;2023-03-25T16:47:43.000Z;2023-03-25 13:57:21.100758
md_creative;2023-03-25T15:55:11.000Z;2023-03-25 13:57:23.716567
md_creative_x_asset;2023-03-25T15:55:29.000Z;2023-03-25 13:57:25.887244
md_message;2023-03-25T15:55:14.000Z;2023-03-25 13:57:28.099942
md_message_x_creative;2023-03-25T15:55:27.000Z;2023-03-25 13:57:30.372158
md_task;2023-03-25T15:58:42.000Z;2023-03-25 13:57:32.723514
ASSET_DETAILS;2023-03-27T13:05:02.000Z;2023-03-27 11:11:38.790384
ASSET_DETAILS_CUSTOM_PROP;2023-03-27T13:05:04.000Z;2023-03-27 11:11:41.067761
ASSET_FOLDER_DETAILS;2023-03-27T13:05:00.000Z;2023-03-27 11:11:43.263492
ASSET_RENDITION_DETAILS;2023-03-27T13:05:04.000Z;2023-03-27 11:11:45.882327
ASSET_REVISION;2023-03-27T13:05:00.000Z;2023-03-27 11:11:48.194086
CC_BUDGET_BREAKUP;2023-03-27T13:05:04.000Z;2023-03-27 11:11:50.300395
COMMITMENT_DETAILS;2023-03-27T13:05:03.000Z;2023-03-27 11:11:52.594424
COMMITMENT_LINE_ITEMS;2023-03-27T13:05:04.000Z;2023-03-27 11:11:54.903174
COMMITMENT_LINE_ITEMS_CCBDGT;2023-03-27T13:05:04.000Z;2023-03-27 11:11:57.245605
INVOICE_DETAILS;2023-03-27T13:05:00.000Z;2023-03-27 11:11:59.318665
INVOICE_LINE_ITEMS;2023-03-27T13:04:59.000Z;2023-03-27 11:12:01.377956
INVOICE_LINE_ITEMS_CCBDGT;2023-03-27T13:05:04.000Z;2023-03-27 11:12:03.650077
MD_BU;2023-03-27T13:05:00.000Z;2023-03-27 11:12:06.036609
MD_COSTCENTER;2023-03-27T13:05:04.000Z;2023-03-27 11:12:08.318498
MD_CUSTATTRIB_TABLE_VALUES;2023-03-27T13:05:04.000Z;2023-03-27 11:12:11.953012
MD_CUST_ATTRIB;2023-03-27T13:05:05.000Z;2023-03-27 11:12:15.893313
MD_GRID_ATTR_DEFN;2023-03-27T13:05:05.000Z;2023-03-27 11:12:18.383408
MD_OBJECT_TYPE;2023-03-27T13:05:03.000Z;2023-03-27 11:12:21.042460
MD_PICKLIST;2023-03-27T13:05:05.000Z;2023-03-27 11:12:23.381770
MD_VENDOR;2023-03-27T13:05:00.000Z;2023-03-27 11:12:25.583559
MD_WF_PROCESS_DEF;2023-03-27T13:05:04.000Z;2023-03-27 11:12:27.946278
MD_WF_PROCESS_DEF_TASKS;2023-03-27T13:04:58.000Z;2023-03-27 11:12:30.400579
MD_WF_PROCESS_DEF_TASK_ASSG;2023-03-27T13:05:02.000Z;2023-03-27 11:12:33.664507
PLANNING_HIERARCHY_DEFN;2023-03-27T13:05:01.000Z;2023-03-27 11:12:36.049473
PLANNING_INFO;2023-03-27T13:05:02.000Z;2023-03-27 11:12:40.249688
PLANNING_INFO_CUSTOM_PROP;2023-03-27T13:04:58.000Z;2023-03-27 11:12:42.727176
TAG_DETAILS;2023-03-27T13:04:59.000Z;2023-03-27 11:12:45.233310
WF_PROCESS_DETAILS;2023-03-27T13:05:04.000Z;2023-03-27 11:12:47.775564
WF_PROCESS_TASKS;2023-03-27T13:05:04.000Z;2023-03-27 11:12:50.046443
WF_TASKS_USER_ASSIGNMENT;2023-03-27T13:05:04.000Z;2023-03-27 11:12:54.232996
md_creative;2023-03-27T13:47:40.000Z;2023-03-27 11:12:56.977802
md_creative_x_asset;2023-03-27T13:47:57.000Z;2023-03-27 11:13:02.357285
md_message;2023-03-27T13:47:43.000Z;2023-03-27 11:13:04.497836
md_message_x_creative;2023-03-27T13:47:55.000Z;2023-03-27 11:13:06.972333
md_task;2023-03-27T13:50:55.000Z;2023-03-27 11:13:09.522039
ASSET_DETAILS;2023-03-27T16:25:39.000Z;2023-03-27 14:15:21.217503
ASSET_DETAILS_CUSTOM_PROP;2023-03-27T16:26:09.000Z;2023-03-27 14:15:23.844214
ASSET_FOLDER_DETAILS;2023-03-27T16:25:38.000Z;2023-03-27 14:15:26.149356
ASSET_RENDITION_DETAILS;2023-03-27T16:25:28.000Z;2023-03-27 14:15:28.848552
ASSET_REVISION;2023-03-27T16:26:06.000Z;2023-03-27 14:15:31.175968
CC_BUDGET_BREAKUP;2023-03-27T16:25:43.000Z;2023-03-27 14:15:33.542031
COMMITMENT_DETAILS;2023-03-27T16:25:47.000Z;2023-03-27 14:15:36.973138
COMMITMENT_LINE_ITEMS;2023-03-27T16:26:06.000Z;2023-03-27 14:15:39.249825
COMMITMENT_LINE_ITEMS_CCBDGT;2023-03-27T16:26:06.000Z;2023-03-27 14:15:41.487961
INVOICE_DETAILS;2023-03-27T16:26:11.000Z;2023-03-27 14:15:44.183101
INVOICE_LINE_ITEMS;2023-03-27T16:25:28.000Z;2023-03-27 14:15:46.425213
INVOICE_LINE_ITEMS_CCBDGT;2023-03-27T16:25:44.000Z;2023-03-27 14:15:48.611636
MD_BU;2023-03-27T16:25:43.000Z;2023-03-27 14:15:50.928057
MD_COSTCENTER;2023-03-27T16:25:43.000Z;2023-03-27 14:15:53.352159
MD_CUSTATTRIB_TABLE_VALUES;2023-03-27T16:25:31.000Z;2023-03-27 14:15:57.227376
MD_CUST_ATTRIB;2023-03-27T16:25:38.000Z;2023-03-27 14:16:00.274879
MD_GRID_ATTR_DEFN;2023-03-27T16:26:06.000Z;2023-03-27 14:16:02.588219
MD_OBJECT_TYPE;2023-03-27T16:25:44.000Z;2023-03-27 14:16:05.009972
MD_PICKLIST;2023-03-27T16:25:31.000Z;2023-03-27 14:16:07.305789
MD_VENDOR;2023-03-27T16:25:38.000Z;2023-03-27 14:16:09.412615
MD_WF_PROCESS_DEF;2023-03-27T16:25:39.000Z;2023-03-27 14:16:11.586318
MD_WF_PROCESS_DEF_TASKS;2023-03-27T16:25:38.000Z;2023-03-27 14:16:13.915139
MD_WF_PROCESS_DEF_TASK_ASSG;2023-03-27T16:25:28.000Z;2023-03-27 14:16:16.046589
PLANNING_HIERARCHY_DEFN;2023-03-27T16:25:31.000Z;2023-03-27 14:16:18.312554
PLANNING_INFO;2023-03-27T16:26:11.000Z;2023-03-27 14:16:20.650104
PLANNING_INFO_CUSTOM_PROP;2023-03-27T16:25:38.000Z;2023-03-27 14:16:22.982240
TAG_DETAILS;2023-03-27T16:26:12.000Z;2023-03-27 14:16:25.195537
WF_PROCESS_DETAILS;2023-03-27T16:25:38.000Z;2023-03-27 14:16:27.463477
WF_PROCESS_TASKS;2023-03-27T16:25:44.000Z;2023-03-27 14:16:29.828846
WF_TASKS_USER_ASSIGNMENT;2023-03-27T16:25:31.000Z;2023-03-27 14:16:32.068101
md_creative;2023-03-27T17:04:55.000Z;2023-03-27 14:16:34.351690
md_creative_x_asset;2023-03-27T17:05:13.000Z;2023-03-27 14:16:36.491421
md_message;2023-03-27T17:04:58.000Z;2023-03-27 14:16:38.576833
md_message_x_creative;2023-03-27T17:05:10.000Z;2023-03-27 14:16:41.050554
md_task;2023-03-27T17:09:44.000Z;2023-03-27 14:16:43.320117
ASSET_DETAILS;2023-03-28T19:12:04.000Z;2023-03-28 16:55:08.185632
ASSET_DETAILS_CUSTOM_PROP;2023-03-28T19:12:13.000Z;2023-03-28 16:55:10.598556
ASSET_FOLDER_DETAILS;2023-03-28T19:11:54.000Z;2023-03-28 16:55:12.962661
ASSET_RENDITION_DETAILS;2023-03-28T19:12:04.000Z;2023-03-28 16:55:15.760333
ASSET_REVISION;2023-03-28T19:12:02.000Z;2023-03-28 16:55:18.275795
CC_BUDGET_BREAKUP;2023-03-28T19:12:12.000Z;2023-03-28 16:55:20.655527
COMMITMENT_DETAILS;2023-03-28T19:11:54.000Z;2023-03-28 16:55:23.119247
COMMITMENT_LINE_ITEMS;2023-03-28T19:12:12.000Z;2023-03-28 16:55:25.242146
COMMITMENT_LINE_ITEMS_CCBDGT;2023-03-28T19:11:59.000Z;2023-03-28 16:55:28.653062
INVOICE_DETAILS;2023-03-28T19:12:04.000Z;2023-03-28 16:55:30.793548
INVOICE_LINE_ITEMS;2023-03-28T19:12:02.000Z;2023-03-28 16:55:32.915484
INVOICE_LINE_ITEMS_CCBDGT;2023-03-28T19:11:59.000Z;2023-03-28 16:55:35.145809
MD_BU;2023-03-28T19:12:09.000Z;2023-03-28 16:55:37.297039
MD_COSTCENTER;2023-03-28T19:11:59.000Z;2023-03-28 16:55:39.741219
MD_COST_CATEGORY;2023-03-28T19:12:12.000Z;2023-03-28 16:55:42.087751
MD_CUSTATTRIB_TABLE_VALUES;2023-03-28T19:12:04.000Z;2023-03-28 16:55:44.496778
MD_CUST_ATTRIB;2023-03-28T19:12:12.000Z;2023-03-28 16:55:46.648002
MD_GRID_ATTR_DEFN;2023-03-28T19:11:51.000Z;2023-03-28 16:55:48.823647
MD_OBJECT_TYPE;2023-03-28T19:12:04.000Z;2023-03-28 16:55:51.186774
MD_PICKLIST;2023-03-28T19:12:06.000Z;2023-03-28 16:55:53.264770
MD_VENDOR;2023-03-28T19:12:04.000Z;2023-03-28 16:55:55.639613
MD_WF_PROCESS_DEF;2023-03-28T19:12:09.000Z;2023-03-28 16:55:57.924624
MD_WF_PROCESS_DEF_TASKS;2023-03-28T19:12:06.000Z;2023-03-28 16:56:00.132491
MD_WF_PROCESS_DEF_TASK_ASSG;2023-03-28T19:12:03.000Z;2023-03-28 16:56:02.399923
PLANNING_HIERARCHY_DEFN;2023-03-28T19:12:13.000Z;2023-03-28 16:56:04.629274
PLANNING_INFO;2023-03-28T19:12:06.000Z;2023-03-28 16:56:06.710195
PLANNING_INFO_CUSTOM_PROP;2023-03-28T19:12:12.000Z;2023-03-28 16:56:09.243235
TAG_DETAILS;2023-03-28T19:11:51.000Z;2023-03-28 16:56:11.624921
WF_PROCESS_DETAILS;2023-03-28T19:12:13.000Z;2023-03-28 16:56:14.239009
WF_PROCESS_TASKS;2023-03-28T19:12:02.000Z;2023-03-28 16:56:16.623624
WF_TASKS_USER_ASSIGNMENT;2023-03-28T19:12:13.000Z;2023-03-28 16:56:18.812936
md_creative;2023-03-28T19:34:33.000Z;2023-03-28 16:56:21.145795
md_creative_x_asset;2023-03-28T19:34:53.000Z;2023-03-28 16:56:23.306789
md_message;2023-03-28T19:34:37.000Z;2023-03-28 16:56:25.731443
md_message_x_creative;2023-03-28T19:34:51.000Z;2023-03-28 16:56:27.852396
md_task;2023-03-28T19:39:16.000Z;2023-03-28 16:56:30.094441
ASSET_DETAILS;2023-06-24T11:11:02.000Z;2023-06-24 09:28:32.232374
ASSET_DETAILS_CUSTOM_PROP;2023-06-24T11:11:00.000Z;2023-06-24 09:28:34.506224
ASSET_FOLDER_DETAILS;2023-06-24T11:10:51.000Z;2023-06-24 09:28:36.712690
ASSET_RENDITION_DETAILS;2023-06-24T11:10:52.000Z;2023-06-24 09:28:39.178063
ASSET_REVISION;2023-06-24T11:11:06.000Z;2023-06-24 09:28:41.454184
CC_BUDGET_BREAKUP;2023-06-24T11:11:03.000Z;2023-06-24 09:28:43.595244
COMMITMENT_DETAILS;2023-06-24T11:11:03.000Z;2023-06-24 09:28:45.677829
COMMITMENT_LINE_ITEMS;2023-06-24T11:10:52.000Z;2023-06-24 09:28:47.781024
COMMITMENT_LINE_ITEMS_CCBDGT;2023-06-24T11:10:47.000Z;2023-06-24 09:28:49.858230
INVOICE_DETAILS;2023-06-24T11:10:51.000Z;2023-06-24 09:28:51.902370
INVOICE_LINE_ITEMS;2023-06-24T11:10:49.000Z;2023-06-24 09:28:53.959594
INVOICE_LINE_ITEMS_CCBDGT;2023-06-24T11:10:52.000Z;2023-06-24 09:28:55.972674
MD_BU;2023-06-24T11:10:52.000Z;2023-06-24 09:28:58.060290
MD_COSTCENTER;2023-06-24T11:11:06.000Z;2023-06-24 09:29:00.135361
MD_COST_CATEGORY;2023-06-24T11:10:47.000Z;2023-06-24 09:29:02.219732
MD_CUSTATTRIB_TABLE_VALUES;2023-06-24T11:10:51.000Z;2023-06-24 09:29:04.499308
MD_CUST_ATTRIB;2023-06-24T11:10:52.000Z;2023-06-24 09:29:06.763062
MD_GRID_ATTR_DEFN;2023-06-24T11:11:02.000Z;2023-06-24 09:29:08.896089
MD_OBJECT_TYPE;2023-06-24T11:11:03.000Z;2023-06-24 09:29:11.543605
MD_PICKLIST;2023-06-24T11:11:03.000Z;2023-06-24 09:29:13.801513
MD_VENDOR;2023-06-24T11:11:06.000Z;2023-06-24 09:29:15.920581
MD_WF_PROCESS_DEF;2023-06-24T11:11:00.000Z;2023-06-24 09:29:18.083534
MD_WF_PROCESS_DEF_TASKS;2023-06-24T11:10:58.000Z;2023-06-24 09:29:20.307495
MD_WF_PROCESS_DEF_TASK_ASSG;2023-06-24T11:11:00.000Z;2023-06-24 09:29:22.447526
PLANNING_HIERARCHY_DEFN;2023-06-24T11:11:00.000Z;2023-06-24 09:29:24.581853
PLANNING_INFO;2023-06-24T11:10:52.000Z;2023-06-24 09:29:26.633408
PLANNING_INFO_CUSTOM_PROP;2023-06-24T11:11:00.000Z;2023-06-24 09:29:28.802787
TAG_DETAILS;2023-06-24T11:10:53.000Z;2023-06-24 09:29:30.868294
WF_PROCESS_DETAILS;2023-06-24T11:10:54.000Z;2023-06-24 09:29:32.883210
WF_PROCESS_TASKS;2023-06-24T11:11:06.000Z;2023-06-24 09:29:34.937705
WF_TASKS_USER_ASSIGNMENT;2023-06-24T11:10:52.000Z;2023-06-24 09:29:37.011189
md_creative;2023-06-24T11:50:02.000Z;2023-06-24 09:29:39.234775
md_creative_x_asset;2023-06-24T11:50:08.000Z;2023-06-24 09:29:41.344347
md_message;2023-06-24T11:50:04.000Z;2023-06-24 09:29:43.379793
md_message_x_creative;2023-06-24T11:50:06.000Z;2023-06-24 09:29:45.432765
md_task;2023-06-24T11:50:02.000Z;2023-06-24 09:29:47.478084
ASSET_DETAILS;2023-06-24T12:34:56.000Z;2023-06-24 10:34:53.372230
ASSET_DETAILS_CUSTOM_PROP;2023-06-24T12:35:04.000Z;2023-06-24 10:34:55.746396
ASSET_FOLDER_DETAILS;2023-06-24T12:35:03.000Z;2023-06-24 10:34:59.099384
ASSET_RENDITION_DETAILS;2023-06-24T12:34:56.000Z;2023-06-24 10:35:01.527790
ASSET_REVISION;2023-06-24T12:34:56.000Z;2023-06-24 10:35:03.717933
CC_BUDGET_BREAKUP;2023-06-24T12:34:54.000Z;2023-06-24 10:35:08.528748
COMMITMENT_DETAILS;2023-06-24T12:34:56.000Z;2023-06-24 10:35:11.467252
COMMITMENT_LINE_ITEMS;2023-06-24T12:35:02.000Z;2023-06-24 10:35:13.551829
COMMITMENT_LINE_ITEMS_CCBDGT;2023-06-24T12:35:02.000Z;2023-06-24 10:35:15.638608
INVOICE_DETAILS;2023-06-24T12:35:02.000Z;2023-06-24 10:35:19.892923
INVOICE_LINE_ITEMS;2023-06-24T12:35:03.000Z;2023-06-24 10:35:22.821391
INVOICE_LINE_ITEMS_CCBDGT;2023-06-24T12:34:56.000Z;2023-06-24 10:35:25.222153
MD_BU;2023-06-24T12:35:04.000Z;2023-06-24 10:35:29.294249
MD_COSTCENTER;2023-06-24T12:34:54.000Z;2023-06-24 10:35:32.254801
MD_COST_CATEGORY;2023-06-24T12:34:56.000Z;2023-06-24 10:35:34.338391
MD_CUSTATTRIB_TABLE_VALUES;2023-06-24T12:35:03.000Z;2023-06-24 10:35:36.554499
MD_CUST_ATTRIB;2023-06-24T12:34:54.000Z;2023-06-24 10:35:38.801876
MD_GRID_ATTR_DEFN;2023-06-24T12:34:54.000Z;2023-06-24 10:35:44.000304
MD_OBJECT_TYPE;2023-06-24T12:35:00.000Z;2023-06-24 10:35:46.624626
MD_PICKLIST;2023-06-24T12:35:02.000Z;2023-06-24 10:35:48.911774
MD_VENDOR;2023-06-24T12:35:02.000Z;2023-06-24 10:35:51.076037
MD_WF_PROCESS_DEF;2023-06-24T12:34:56.000Z;2023-06-24 10:35:55.109972
MD_WF_PROCESS_DEF_TASKS;2023-06-24T12:34:56.000Z;2023-06-24 10:35:57.205929
MD_WF_PROCESS_DEF_TASK_ASSG;2023-06-24T12:35:00.000Z;2023-06-24 10:35:59.354692
PLANNING_HIERARCHY_DEFN;2023-06-24T12:35:03.000Z;2023-06-24 10:36:01.558219
PLANNING_INFO;2023-06-24T12:35:02.000Z;2023-06-24 10:36:05.414765
PLANNING_INFO_CUSTOM_PROP;2023-06-24T12:35:04.000Z;2023-06-24 10:36:07.732364
TAG_DETAILS;2023-06-24T12:34:54.000Z;2023-06-24 10:36:09.860379
WF_PROCESS_DETAILS;2023-06-24T12:35:04.000Z;2023-06-24 10:36:11.962484
WF_PROCESS_TASKS;2023-06-24T12:34:56.000Z;2023-06-24 10:36:14.002917
WF_TASKS_USER_ASSIGNMENT;2023-06-24T12:34:59.000Z;2023-06-24 10:36:16.078168
md_creative;2023-06-24T12:52:44.000Z;2023-06-24 10:36:20.505565
md_creative_x_asset;2023-06-24T12:52:49.000Z;2023-06-24 10:36:22.574293
md_message;2023-06-24T12:52:45.000Z;2023-06-24 10:36:24.657028
md_message_x_creative;2023-06-24T12:52:48.000Z;2023-06-24 10:36:26.735794
md_task;2023-06-24T12:52:44.000Z;2023-06-24 10:36:28.899718
ASSET_DETAILS;2023-06-30T15:52:46.000Z;2023-06-30 13:28:59.461695
ASSET_DETAILS_CUSTOM_PROP;2023-06-30T15:52:46.000Z;2023-06-30 13:29:02.050679
ASSET_FOLDER_DETAILS;2023-06-30T15:53:02.000Z;2023-06-30 13:29:04.446761
ASSET_RENDITION_DETAILS;2023-06-30T15:52:46.000Z;2023-06-30 13:29:07.097356
ASSET_REVISION;2023-06-30T15:52:45.000Z;2023-06-30 13:29:09.577475
CC_BUDGET_BREAKUP;2023-06-30T15:53:07.000Z;2023-06-30 13:29:11.804646
COMMITMENT_DETAILS;2023-06-30T15:52:55.000Z;2023-06-30 13:29:14.052965
COMMITMENT_LINE_ITEMS;2023-06-30T15:52:55.000Z;2023-06-30 13:29:16.274494
COMMITMENT_LINE_ITEMS_CCBDGT;2023-06-30T15:53:00.000Z;2023-06-30 13:29:18.486039
INVOICE_DETAILS;2023-06-30T15:52:49.000Z;2023-06-30 13:29:20.704362
INVOICE_LINE_ITEMS;2023-06-30T15:52:56.000Z;2023-06-30 13:29:23.160088
INVOICE_LINE_ITEMS_CCBDGT;2023-06-30T15:53:02.000Z;2023-06-30 13:29:25.377189
MD_BU;2023-06-30T15:52:39.000Z;2023-06-30 13:29:27.708511
MD_COSTCENTER;2023-06-30T15:52:55.000Z;2023-06-30 13:29:29.989252
MD_COST_CATEGORY;2023-06-30T15:52:39.000Z;2023-06-30 13:29:32.179832
MD_CUSTATTRIB_TABLE_VALUES;2023-06-30T15:52:47.000Z;2023-06-30 13:29:34.621259
MD_CUST_ATTRIB;2023-06-30T15:52:58.000Z;2023-06-30 13:29:37.055321
MD_GRID_ATTR_DEFN;2023-06-30T15:52:46.000Z;2023-06-30 13:29:39.343705
MD_OBJECT_TYPE;2023-06-30T15:52:46.000Z;2023-06-30 13:29:42.048039
MD_PICKLIST;2023-06-30T15:53:04.000Z;2023-06-30 13:29:44.436335
MD_VENDOR;2023-06-30T15:53:00.000Z;2023-06-30 13:29:46.674119
MD_WF_PROCESS_DEF;2023-06-30T15:53:01.000Z;2023-06-30 13:29:48.968708
MD_WF_PROCESS_DEF_TASKS;2023-06-30T15:52:45.000Z;2023-06-30 13:29:51.310574
MD_WF_PROCESS_DEF_TASK_ASSG;2023-06-30T15:52:55.000Z;2023-06-30 13:29:53.628266
PLANNING_HIERARCHY_DEFN;2023-06-30T15:52:46.000Z;2023-06-30 13:29:55.879824
PLANNING_INFO;2023-06-30T15:53:02.000Z;2023-06-30 13:29:58.102749
PLANNING_INFO_CUSTOM_PROP;2023-06-30T15:52:46.000Z;2023-06-30 13:30:00.577228
TAG_DETAILS;2023-06-30T15:52:45.000Z;2023-06-30 13:30:02.920962
WF_PROCESS_DETAILS;2023-06-30T15:52:45.000Z;2023-06-30 13:30:05.116718
WF_PROCESS_TASKS;2023-06-30T15:52:45.000Z;2023-06-30 13:30:07.367154
WF_TASKS_USER_ASSIGNMENT;2023-06-30T15:53:02.000Z;2023-06-30 13:30:09.539099
md_creative;2023-06-30T15:59:29.000Z;2023-06-30 13:30:12.046895
md_creative_x_asset;2023-06-30T15:59:34.000Z;2023-06-30 13:30:14.405656
md_message;2023-06-30T15:59:30.000Z;2023-06-30 13:30:16.745271
md_message_x_creative;2023-06-30T15:59:32.000Z;2023-06-30 13:30:18.943772
md_task;2023-06-30T15:59:29.000Z;2023-06-30 13:30:21.259625
ASSET_DETAILS;2023-07-05T12:56:56.000Z;2023-07-05 09:00:56.526529
ASSET_DETAILS_CUSTOM_PROP;2023-07-05T12:56:57.000Z;2023-07-05 09:00:56.959564
ASSET_FOLDER_DETAILS;2023-07-05T12:56:55.000Z;2023-07-05 09:00:57.238577
ASSET_RENDITION_DETAILS;2023-07-05T12:56:56.000Z;2023-07-05 09:00:57.639624
ASSET_REVISION;2023-07-05T12:57:05.000Z;2023-07-05 09:00:58.007631
CC_BUDGET_BREAKUP;2023-07-05T12:56:58.000Z;2023-07-05 09:00:58.339644
COMMITMENT_DETAILS;2023-07-05T12:56:54.000Z;2023-07-05 09:00:58.592659
COMMITMENT_LINE_ITEMS;2023-07-05T12:56:57.000Z;2023-07-05 09:00:58.866680
COMMITMENT_LINE_ITEMS_CCBDGT;2023-07-05T12:56:55.000Z;2023-07-05 09:00:59.161695
INVOICE_DETAILS;2023-07-05T12:56:54.000Z;2023-07-05 09:00:59.453713
INVOICE_LINE_ITEMS;2023-07-05T12:56:55.000Z;2023-07-05 09:00:59.739731
INVOICE_LINE_ITEMS_CCBDGT;2023-07-05T12:56:55.000Z;2023-07-05 09:01:00.008748
MD_BU;2023-07-05T12:56:56.000Z;2023-07-05 09:01:00.367770
MD_COSTCENTER;2023-07-05T12:56:57.000Z;2023-07-05 09:01:00.658791
MD_COST_CATEGORY;2023-07-05T12:56:57.000Z;2023-07-05 09:01:00.907802
MD_CUSTATTRIB_TABLE_VALUES;2023-07-05T12:56:58.000Z;2023-07-05 09:01:01.233826
MD_CUST_ATTRIB;2023-07-05T12:56:56.000Z;2023-07-05 09:01:01.516847
MD_GRID_ATTR_DEFN;2023-07-05T12:56:57.000Z;2023-07-05 09:01:01.812859
MD_OBJECT_TYPE;2023-07-05T12:56:57.000Z;2023-07-05 09:01:02.284889
MD_PICKLIST;2023-07-05T12:56:56.000Z;2023-07-05 09:01:02.620912
MD_VENDOR;2023-07-05T12:56:55.000Z;2023-07-05 09:01:02.922936
MD_WF_PROCESS_DEF;2023-07-05T12:56:57.000Z;2023-07-05 09:01:03.292964
MD_WF_PROCESS_DEF_TASKS;2023-07-05T12:56:55.000Z;2023-07-05 09:01:03.540973
MD_WF_PROCESS_DEF_TASK_ASSG;2023-07-05T12:56:54.000Z;2023-07-05 09:01:03.824990
PLANNING_HIERARCHY_DEFN;2023-07-05T12:56:56.000Z;2023-07-05 09:01:04.147009
PLANNING_INFO;2023-07-05T12:56:58.000Z;2023-07-05 09:01:04.466038
PLANNING_INFO_CUSTOM_PROP;2023-07-05T12:56:57.000Z;2023-07-05 09:01:04.764048
TAG_DETAILS;2023-07-05T12:56:58.000Z;2023-07-05 09:01:05.008069
WF_PROCESS_DETAILS;2023-07-05T12:56:54.000Z;2023-07-05 09:01:05.288084
WF_PROCESS_TASKS;2023-07-05T12:56:58.000Z;2023-07-05 09:01:05.567103
WF_TASKS_USER_ASSIGNMENT;2023-07-05T12:56:54.000Z;2023-07-05 09:01:05.852122
md_creative;2023-07-05T12:37:13.000Z;2023-07-05 09:01:06.188148
md_creative_x_asset;2023-07-05T12:37:19.000Z;2023-07-05 09:01:06.501169
md_message;2023-07-05T12:37:15.000Z;2023-07-05 09:01:06.749182
md_message_x_creative;2023-07-05T12:37:17.000Z;2023-07-05 09:01:07.096206
md_task;2023-07-05T12:37:13.000Z;2023-07-05 09:01:07.410224
